2024-12-12_00-51-52,COMP,shell.cpp:2024-12-12_00-51-52
2024-12-12_00-51-54,COMP,shell.cpp:2024-12-12_00-51-52
2024-12-12_00-51-55,COMP,shell.cpp:2024-12-12_00-51-52
2024-12-12_00-52-22,COMP,shell.cpp:2024-12-12_00-51-52
2024-12-12_01-13-30,COMP,shell.cpp:2024-12-12_01-13-30
2024-12-12_01-14-58,COMP,shell.cpp:2024-12-12_01-14-58
2024-12-12_01-16-17,COMP,shell.cpp:2024-12-12_01-16-17
2024-12-12_01-20-22,000%,shell.cpp:2024-12-12_01-20-22
2024-12-12_01-21-25,000%,shell.cpp:2024-12-12_01-21-25
2024-12-12_01-21-34,000%,shell.cpp:2024-12-12_01-21-34
2024-12-12_01-21-47,000%,shell.cpp:2024-12-12_01-21-34
2024-12-12_01-28-30,000%,shell.cpp:2024-12-12_01-28-30
2024-12-12_01-28-56,000%,shell.cpp:2024-12-12_01-28-56
2024-12-12_01-29-06,000%,shell.cpp:2024-12-12_01-29-06
2024-12-12_01-29-24,000%,shell.cpp:2024-12-12_01-29-24
2024-12-12_01-29-32,000%,shell.cpp:2024-12-12_01-29-32
2024-12-12_01-29-59,000%,shell.cpp:2024-12-12_01-29-59
2024-12-12_01-31-44,COMP,shell.cpp:2024-12-12_01-31-44
2024-12-12_01-31-46,COMP,shell.cpp:2024-12-12_01-31-44
2024-12-12_01-33-49,COMP,shell.cpp:2024-12-12_01-33-49
2024-12-12_01-35-24,COMP,shell.cpp:2024-12-12_01-35-24
2024-12-12_01-37-26,COMP,shell.cpp:2024-12-12_01-37-26
2024-12-12_01-39-25,COMP,shell.cpp:2024-12-12_01-39-25
2024-12-12_01-39-27,COMP,shell.cpp:2024-12-12_01-39-25
2024-12-12_01-41-03,COMP,shell.cpp:2024-12-12_01-41-03
2024-12-12_01-41-04,COMP,shell.cpp:2024-12-12_01-41-03
2024-12-12_01-42-29,COMP,shell.cpp:2024-12-12_01-42-29
2024-12-12_01-42-30,000%,shell.cpp:2024-12-12_01-42-29
2024-12-12_01-44-34,000%,shell.cpp:2024-12-12_01-44-34
2024-12-12_01-44-37,000%,shell.cpp:2024-12-12_01-44-34
2024-12-12_01-45-54,000%,shell.cpp:2024-12-12_01-45-54
2024-12-12_01-46-03,000%,shell.cpp:2024-12-12_01-45-54
2024-12-12_01-46-04,000%,shell.cpp:2024-12-12_01-45-54
2024-12-12_01-46-05,000%,shell.cpp:2024-12-12_01-45-54
2024-12-12_01-46-06,000%,shell.cpp:2024-12-12_01-45-54
2024-12-12_01-46-07,000%,shell.cpp:2024-12-12_01-45-54
2024-12-12_01-46-08,000%,shell.cpp:2024-12-12_01-45-54
2024-12-12_01-57-21,000%,shell.cpp:2024-12-12_01-45-54
2024-12-12_01-57-26,000%,shell.cpp:2024-12-12_01-57-26
2024-12-12_01-57-30,000%,shell.cpp:2024-12-12_01-57-26
2024-12-12_01-57-38,000%,shell.cpp:2024-12-12_01-57-26
2024-12-12_01-58-40,000%,shell.cpp:2024-12-12_01-57-26
2024-12-12_01-58-43,000%,shell.cpp:2024-12-12_01-57-26
2024-12-12_01-59-50,000%,shell.cpp:2024-12-12_01-59-50
2024-12-12_01-59-51,000%,shell.cpp:2024-12-12_01-59-50
2024-12-12_02-03-12,000%,shell.cpp:2024-12-12_02-03-12
2024-12-12_02-03-14,000%,shell.cpp:2024-12-12_02-03-12
2024-12-12_02-03-17,000%,shell.cpp:2024-12-12_02-03-12
2024-12-12_02-07-32,000%,shell.cpp:2024-12-12_02-07-32
2024-12-12_02-07-34,000%,shell.cpp:2024-12-12_02-07-32
2024-12-12_02-09-17,000%,shell.cpp:2024-12-12_02-09-17
2024-12-12_02-09-19,000%,shell.cpp:2024-12-12_02-09-17
2024-12-12_02-09-20,000%,shell.cpp:2024-12-12_02-09-17
2024-12-12_02-09-21,000%,shell.cpp:2024-12-12_02-09-17
2024-12-12_02-09-22,000%,shell.cpp:2024-12-12_02-09-17
2024-12-12_02-09-22,000%,shell.cpp:2024-12-12_02-09-17
2024-12-12_02-09-23,000%,shell.cpp:2024-12-12_02-09-17
2024-12-12_02-09-24,000%,shell.cpp:2024-12-12_02-09-17
2024-12-12_02-09-25,000%,shell.cpp:2024-12-12_02-09-17
2024-12-12_02-09-26,000%,shell.cpp:2024-12-12_02-09-17
2024-12-12_02-12-04,COMP,shell.cpp:2024-12-12_02-12-04
2024-12-12_02-12-06,000%,shell.cpp:2024-12-12_02-12-04
2024-12-12_02-13-08,000%,shell.cpp:2024-12-12_02-13-08
2024-12-12_02-14-40,000%,shell.cpp:2024-12-12_02-14-40
2024-12-12_02-15-00,000%,shell.cpp:2024-12-12_02-15-00
2024-12-12_02-16-04,000%,shell.cpp:2024-12-12_02-16-04
2024-12-12_02-16-17,012%,shell.cpp:2024-12-12_02-16-17
2024-12-12_02-18-53,000%,shell.cpp:2024-12-12_02-18-53
2024-12-12_02-18-56,000%,shell.cpp:2024-12-12_02-18-53
2024-12-12_02-19-13,000%,shell.cpp:2024-12-12_02-19-13
2024-12-12_02-19-15,012%,shell.cpp:2024-12-12_02-19-13
2024-12-12_11-32-20,COMP,shell.cpp:2024-12-12_11-32-20
2024-12-12_11-36-15,COMP,shell.cpp:2024-12-12_11-36-15
2024-12-12_11-39-52,COMP,shell.cpp:2024-12-12_11-39-52
2024-12-12_11-39-54,COMP,shell.cpp:2024-12-12_11-39-52
2024-12-12_11-40-32,COMP,shell.cpp:2024-12-12_11-40-32
2024-12-12_11-40-34,COMP,shell.cpp:2024-12-12_11-40-32
2024-12-12_11-41-25,COMP,shell.cpp:2024-12-12_11-41-25
2024-12-12_11-44-25,COMP,shell.cpp:2024-12-12_11-44-25
2024-12-12_11-44-29,000%,shell.cpp:2024-12-12_11-44-25
2024-12-12_11-45-23,COMP,shell.cpp:2024-12-12_11-45-23
2024-12-12_11-45-25,COMP,shell.cpp:2024-12-12_11-45-23
2024-12-12_11-45-39,COMP,shell.cpp:2024-12-12_11-45-39
2024-12-12_11-45-40,COMP,shell.cpp:2024-12-12_11-45-39
2024-12-12_11-45-43,COMP,shell.cpp:2024-12-12_11-45-39
2024-12-12_11-46-00,000%,shell.cpp:2024-12-12_11-46-00
2024-12-12_11-49-34,COMP,shell.cpp:2024-12-12_11-49-34
2024-12-12_11-49-36,COMP,shell.cpp:2024-12-12_11-49-34
2024-12-12_11-49-42,COMP,shell.cpp:2024-12-12_11-49-42
2024-12-12_11-49-44,COMP,shell.cpp:2024-12-12_11-49-42
2024-12-12_11-49-46,COMP,shell.cpp:2024-12-12_11-49-42
2024-12-12_11-49-52,050%,shell.cpp:2024-12-12_11-49-52
2024-12-12_11-52-24,COMP,shell.cpp:2024-12-12_11-52-24
2024-12-12_11-52-26,COMP,shell.cpp:2024-12-12_11-52-24
2024-12-12_11-53-48,COMP,shell.cpp:2024-12-12_11-53-48
2024-12-12_11-53-50,COMP,shell.cpp:2024-12-12_11-53-48
2024-12-12_11-54-15,COMP,shell.cpp:2024-12-12_11-54-15
2024-12-12_11-54-16,COMP,shell.cpp:2024-12-12_11-54-15
2024-12-12_11-55-08,COMP,shell.cpp:2024-12-12_11-55-08
2024-12-12_11-55-09,COMP,shell.cpp:2024-12-12_11-55-08
2024-12-12_11-55-34,COMP,shell.cpp:2024-12-12_11-55-34
2024-12-12_11-57-34,050%,shell.cpp:2024-12-12_11-57-34
2024-12-12_11-59-08,COMP,shell.cpp:2024-12-12_11-59-08
2024-12-12_11-59-11,COMP,shell.cpp:2024-12-12_11-59-08
2024-12-12_12-00-03,COMP,shell.cpp:2024-12-12_12-00-03
2024-12-12_12-00-04,COMP,shell.cpp:2024-12-12_12-00-03
2024-12-12_12-00-24,075%,shell.cpp:2024-12-12_12-00-24
2024-12-12_12-02-31,COMP,shell.cpp:2024-12-12_12-02-31
2024-12-12_12-02-32,COMP,shell.cpp:2024-12-12_12-02-31
2024-12-12_12-03-52,COMP,shell.cpp:2024-12-12_12-03-52
2024-12-12_12-03-54,COMP,shell.cpp:2024-12-12_12-03-52
2024-12-12_12-04-04,COMP,shell.cpp:2024-12-12_12-04-04
2024-12-12_12-04-05,COMP,shell.cpp:2024-12-12_12-04-04
2024-12-12_12-04-14,COMP,shell.cpp:2024-12-12_12-04-14
2024-12-12_12-04-16,COMP,shell.cpp:2024-12-12_12-04-14
2024-12-12_12-04-23,COMP,shell.cpp:2024-12-12_12-04-23
2024-12-12_12-05-49,COMP,shell.cpp:2024-12-12_12-05-49
2024-12-12_12-05-51,COMP,shell.cpp:2024-12-12_12-05-49
2024-12-12_12-06-07,COMP,shell.cpp:2024-12-12_12-06-07
2024-12-12_12-07-33,COMP,shell.cpp:2024-12-12_12-07-33
2024-12-12_12-07-50,COMP,shell.cpp:2024-12-12_12-07-33
2024-12-12_12-09-00,COMP,shell.cpp:2024-12-12_12-09-00
2024-12-12_12-09-02,COMP,shell.cpp:2024-12-12_12-09-00
2024-12-12_12-11-51,087%,shell.cpp:2024-12-12_12-11-51
2024-12-12_12-13-14,087%,shell.cpp:2024-12-12_12-13-14
2024-12-12_12-14-52,COMP,shell.cpp:2024-12-12_12-14-52
2024-12-12_12-14-53,COMP,shell.cpp:2024-12-12_12-14-52
2024-12-12_12-15-02,COMP,shell.cpp:2024-12-12_12-15-02
2024-12-12_12-15-03,COMP,shell.cpp:2024-12-12_12-15-02
2024-12-12_12-15-04,COMP,shell.cpp:2024-12-12_12-15-02
2024-12-12_12-15-07,COMP,shell.cpp:2024-12-12_12-15-02
2024-12-12_12-15-17,COMP,shell.cpp:2024-12-12_12-15-17
2024-12-12_12-15-18,087%,shell.cpp:2024-12-12_12-15-17
2024-12-12_12-23-15,COMP,shell.cpp:2024-12-12_12-23-15
2024-12-12_12-23-17,COMP,shell.cpp:2024-12-12_12-23-15
2024-12-12_12-23-33,COMP,shell.cpp:2024-12-12_12-23-33
2024-12-12_12-23-35,087%,shell.cpp:2024-12-12_12-23-33
2024-12-12_12-26-24,COMP,shell.cpp:2024-12-12_12-26-24
2024-12-12_12-26-26,COMP,shell.cpp:2024-12-12_12-26-24
2024-12-12_12-27-32,COMP,shell.cpp:2024-12-12_12-26-24
2024-12-12_12-27-32,COMP,shell.cpp:2024-12-12_12-26-24
2024-12-12_12-28-11,COMP,shell.cpp:2024-12-12_12-28-11
2024-12-12_12-29-47,COMP,shell.cpp:2024-12-12_12-28-11
2024-12-12_12-30-33,087%,shell.cpp:2024-12-12_12-30-33
2024-12-12_12-31-44,COMP,shell.cpp:2024-12-12_12-31-44
2024-12-12_12-31-45,COMP,shell.cpp:2024-12-12_12-31-44
2024-12-12_12-31-53,100%,shell.cpp:2024-12-12_12-31-53
2024-12-12_12-31-54,100%,shell.cpp:2024-12-12_12-31-53
